,Price
0,546.84915
1,1173.8828666666666
2,632.3879999999999
3,476.9639000000001
4,790.5201000000001
5,1829.741
6,1138.726
7,386.80690000000004
8,536.9055999999999
9,430.9848666666666
10,359.55050000000006
11,520.3638
12,634.0155
13,1183.6769
14,703.9593
15,820.0604000000001
16,626.6773
17,1839.6519999999998
18,433.548
19,474.5507666666666
20,463.8524
21,303.1345
22,592.9724
23,1131.0908000000002
24,357.4807
25,557.0268
26,1528.5169000000003
27,335.28066666666666
28,604.5517
29,655.3289
30,1122.1318
31,291.19
32,587.6190000000001
33,417.016230952381
34,476.9639000000001
35,862.7325
36,941.5169999999998
37,1415.9512
38,712.0164000000001
39,1305.9212999999997
40,383.49370000000016
41,600.2395
42,1698.8125
43,769.3788000000001
44,327.6281
45,287.3145
46,1118.4647
47,764.8839999999999
48,1210.1
49,552.1537999999999
50,957.1340333333334
51,1455.1322999999998
52,278.07456666666667
53,310.75600000000003
54,1146.9121833333331
55,590.2179
56,724.2658
57,688.57
58,451.49670000000003
59,632.1693
60,634.7123
61,1320.9122999999997
62,984.9598
63,668.6389
64,952.2721999999994
65,753.8617666666664
66,740.7671999999999
67,484.85990000000004
68,362.82706666666667
69,315.1883333333333
70,454.74949999999995
71,524.5978
72,1123.1815000000001
73,998.813
74,395.1825
75,193.5025
76,511.4311999999999
77,833.5170333333334
78,421.8447
79,379.6908
80,231.16
81,464.9
82,714.2244000000001
83,859.0189999999999
84,644.6568
85,1085.3572333333334
86,513.1942
87,321.1388666666667
88,733.8795999999999
89,882.1481
90,727.4565666666666
91,644.3513833333333
92,552.8479000000002
93,365.1249
94,450.71904
95,590.3855
96,2233.9639999999995
97,411.7895
98,410.18100000000004
99,284.84
100,702.5189999999999
101,311.7849
102,886.0128099999998
103,580.4858333333333
104,1196.4759
105,632.2909999999999
106,1096.1378
107,1337.1578
108,770.4504
109,624.255
110,474.2247000000001
111,260.18
112,357.72206666666665
113,294.093
114,346.69239999999996
115,540.183
116,296.33029999999997
117,479.6822
118,429.8693
119,1374.4496000000001
120,895.2533
121,304.61620000000005
122,1020.0022299999997
123,972.5835000000002
124,325.87460000000004
125,1059.5673
126,392.5158
127,756.6949000000001
128,665.6986
129,444.0976
130,1209.7403000000004
131,1254.5538999999997
132,805.313
133,1263.3356999999999
134,344.84
135,454.2823333333334
136,490.7779
137,801.1941333333333
138,581.3987000000001
139,400.7221
140,292.66360000000003
141,287.81333333333333
142,594.8675
143,606.2046
144,789.1010000000001
145,632.5945
146,478.12950000000006
147,740.8036
148,218.46
149,581.4085444444444
150,429.2558
151,360.76910000000004
152,329.11119999999994
153,338.1354
154,657.5642999999999
155,500.93
156,401.7277
157,1007.2726000000001
158,760.2047
159,788.9261000000001
160,366.9419333333333
161,781.0584
162,581.8575
163,522.2373666666666
164,525.1847333333333
165,737.8701999999998
166,862.0333999999999
167,609.9208
168,893.4959
169,381.5431
170,1018.8672
171,405.27704333333315
172,563.6729666666666
173,766.7154
174,519.2539999999999
175,755.5107
176,795.5980000000001
177,388.9532
178,483.09
179,376.7691000000002
180,607.9168
181,391.2363
182,2045.0927
183,586.9140999999998
184,830.8277
185,560.7599333333334
186,698.9294
187,401.5437
188,437.23799999999994
189,345.1461333333333
190,640.6593
191,614.3029
192,499.4782999999998
193,715.5322
194,570.6870999999999
195,930.4844
196,524.0672
197,745.529
198,279.98664285714284
199,991.3868000000001
200,451.4251000000002
201,201.3396
202,278.6384
203,637.005
204,826.1795999999999
205,497.81800000000004
206,788.4241000000001
207,520.1387166666667
208,439.9917
209,770.3819
210,807.4020999999999
211,1186.3416666666667
212,937.4991
213,819.2341
214,705.7117999999999
215,588.7716
216,525.3989
217,663.4783999999999
218,480.38989999999995
219,311.0948666666667
220,1306.1559000000002
221,950.6233333333333
222,333.72
223,992.9494999999998
224,741.9268
225,484.8925
226,890.9836000000001
227,563.6185
228,381.53583333333336
229,441.16540000000015
230,635.5822000000001
231,241.98378095238095
232,592.6411999999999
233,730.0314999999999
234,368.82419999999996
235,633.0055333333332
236,762.0423000000001
237,445.80864
238,365.4145
239,505.9103333333334
240,656.4232999999999
241,301.09666666666664
242,554.74
243,375.3093
244,1382.8058
245,473.7594000000001
246,622.8728999999998
247,2624.9130999999993
248,872.6243000000001
249,315.77189999999996
250,371.86089999999996
251,643.0229999999999
252,1049.6662000000001
253,313.2554
254,763.9704
255,454.26
256,380.3638
257,506.49379999999996
258,921.2611
259,1059.7569333333333
260,491.32913333333323
261,480.9933000000001
262,1272.2038380952376
263,646.5925000000002
264,655.3852000000002
265,2004.1970000000001
266,244.53
267,299.991
268,273.86010000000005
269,292.3388
270,412.0265
271,360.43649999999997
272,700.3204000000001
273,571.6492999999999
274,264.4644
275,3271.856533333333
276,757.4563
277,701.0009
278,641.0634
279,1019.6660333333334
280,547.9458
281,359.2106
282,445.13
283,1235.1956
284,271.9391
285,273.0768
286,335.1287
287,950.7325
288,489.8887
289,495.45220000000006
290,476.94489999999996
291,424.77566666666667
292,834.8986
293,1068.8934
294,435.14079999999996
295,287.98850000000016
296,871.3314
297,609.0262
298,1573.1248999999998
299,395.9162
300,290.0752
301,875.2361999999999
302,378.0808
303,509.17980000000006
304,1296.5152000000003
305,707.2851999999999
306,295.1066
307,412.7864
308,703.5169000000001
309,1285.6477333333335
310,240.428
311,1210.549
312,255.6397
313,823.8157000000001
314,415.47009999999995
315,507.6337
316,563.4757
317,1474.8217000000004
318,631.8299000000001
319,324.6244
320,718.3079999999999
321,531.14
322,665.4449
323,747.4483
324,1812.4726
325,293.875
326,311.4074666666667
327,488.40299999999996
328,969.3299333333334
329,488.708
330,774.9302
331,1505.6325
332,1441.95
333,2126.8723
334,327.2112000000001
335,535.6693
336,1007.0414999999998
337,342.8216
338,267.31
339,798.8112
340,320.31514666666664
341,305.3603
342,559.2679999999999
343,371.0394
344,598.6540333333335
345,881.9225
346,897.4593
347,971.3544999999998
348,566.8324
349,306.42
350,592.0629999999996
351,722.7564666666667
352,301.922
353,989.0431
354,894.3023
355,326.3574
356,1702.7004000000002
357,463.5799999999999
358,634.5748
359,247.90799999999993
360,2147.6343999999995
361,268.8813
362,473.17386666666664
363,695.3473999999999
364,633.2251
365,511.12069999999994
366,478.3844000000001
367,441.43120000000005
368,444.79579999999993
369,1120.5420000000001
370,777.9467
371,406.7816
372,248.8621142857143
373,452.9006
374,502.5478333333334
375,267.3864
376,728.8916999999998
377,265.2443333333333
378,257.212
379,2148.0780666666665
380,731.0781
381,326.2636999999999
382,408.7099
383,595.2962
384,283.9645
385,426.9526
386,821.3935999999999
387,780.3084899999999
388,730.5288999999998
389,506.8746
390,1084.1285000000003
391,923.0198999999999
392,1201.2831999999999
393,284.05
394,442.7211999999999
395,699.2694
396,576.9594000000001
397,508.70669999999996
398,541.899
399,295.9510333333333
400,1823.4843999999994
401,1606.221457142857
402,345.6544
403,1532.1493
404,513.5140000000001
405,463.04040000000003
406,242.20903809523813
407,752.5717
408,679.6537
409,1944.2755999999997
410,335.82910000000004
411,824.3469
412,636.5054000000001
413,1671.9738
414,541.4317000000001
415,821.5036
416,598.2099
417,1439.6471
418,202.2425
419,1023.4382666666668
420,1932.3604999999998
421,822.2645
422,288.8079
423,745.6981
424,375.80370000000005
425,367.68910000000005
426,357.4138571428572
427,270.43330000000003
428,1120.6217
429,274.1133666666667
430,736.1895999999999
431,954.8010999999999
432,1406.8934000000006
433,757.6516
434,670.5874
435,854.0742
436,289.95759999999996
437,599.2319
438,463.153
439,694.1467249999998
440,547.1281
441,554.2145
442,387.55660000000006
443,428.7289
444,328.44000000000017
445,947.6130666666667
446,534.941
447,188.25870000000003
448,439.68300000000005
449,286.22
450,515.2278
451,758.9479000000001
452,323.8790333333333
453,584.6431444444445
454,1187.731638095238
455,688.0192
456,488.66720000000004
457,326.0862
458,342.173
459,575.1306000000001
460,747.3586000000001
461,702.0664000000002
462,287.75846666666666
463,241.8175
464,421.29820000000007
465,257.07666666666665
466,394.85380000000004
467,385.18
468,515.343
469,977.9969000000002
470,241.1562
471,918.4635999999998
472,307.05800000000005
473,415.9514
474,1431.1136999999999
475,679.0138000000001
476,918.4637000000001
477,666.7797
478,342.8006
479,389.7699
480,1096.955
481,1204.9520000000002
482,365.5439999999999
483,366.6427
484,613.6778
485,287.4864
486,487.48879999999997
487,794.9034999999999
488,816.9507333333328
489,552.2115000000001
490,872.3122
491,387.8813333333334
492,292.9713333333333
493,358.81910000000005
494,484.79299999999995
495,567.0148
496,898.8932000000001
497,961.0547333333334
498,617.3919999999999
499,288.5
500,364.24
501,164.02
502,829.3918666666666
503,413.85880000000003
504,398.36749999999995
505,290.7759666666667
506,732.5672999999999
507,388.9163
508,384.1444
509,334.9386999999999
510,307.87
511,2197.3321
512,544.5806
513,402.50466666666676
514,547.8164999999999
515,327.13840000000005
516,385.42273333333344
517,582.4536999999999
518,277.0284
519,876.4639000000002
520,424.59319999999985
521,702.6044
522,389.10400000000004
523,360.3527
524,367.202
525,814.9155000000001
526,322.80003333333343
527,817.4473999999999
528,430.9628999999999
529,1011.6673
530,487.2891
531,463.5319
532,342.2788
533,318.228
534,326.5359
535,473.97773333333345
536,1366.2439000000002
537,253.19
538,1240.0103
539,1025.5842999999998
540,746.0756777777777
541,896.7905333333333
542,345.82590000000005
543,466.86430000000007
544,506.99580000000003
545,451.02459999999996
546,266.36330000000004
547,2180.7441666666664
548,341.50800000000004
549,609.4005333333333
550,797.1373
551,369.7805
552,229.2675
553,444.1205999999999
554,430.03
555,326.652
556,625.8867
557,390.09596666666664
558,1127.8694
559,1223.7747
560,394.41966666666667
561,441.97489999999993
562,319.0525
563,447.50203333333326
564,655.6833333333333
565,983.2494
566,1190.9236999999996
567,361.93416666666667
568,775.2251
569,435.0504000000001
570,802.6751999999999
571,758.6433000000001
572,474.59979999999996
573,526.3607000000002
574,540.2176000000001
575,394.3623999999999
576,872.9499
577,539.2745
578,454.9680000000001
579,871.4581666666666
580,645.7753
581,275.24980000000005
582,560.3874000000001
583,865.8983000000001
584,547.9775
585,310.2327
586,538.4165333333333
587,373.5010666666666
588,652.3859
589,350.84729999999996
590,481.9218
591,476.63800000000003
592,389.9624333333333
593,881.1304000000002
594,374.76543333333336
595,868.2489999999999
596,261.142
597,681.1241
598,845.8476
599,1264.3165000000001
600,326.9012666666667
601,301.8709
602,1002.1923999999999
603,573.592
604,338.48100000000005
605,273.8366333333334
606,316.0935
607,255.30120000000002
608,360.6546000000001
609,680.7924
610,553.3507
611,329.4738333333333
612,1456.1208999999997
613,380.20169999999996
614,756.4198
615,665.7239
616,1213.348
617,536.2188
618,901.0297
619,315.7284
620,168.1268
621,461.26810000000006
622,498.86980000000005
623,558.6794
624,275.15599999999995
625,503.6466
626,858.8754999999999
627,264.5389
628,2703.4739999999997
629,872.9323
630,299.10380000000004
631,972.5582
632,336.7977
633,1470.8426190476189
634,1203.7263999999998
635,202.845
636,435.6501
637,605.9893
638,336.9993857142857
639,641.2247
640,286.86670000000004
641,779.4140999999998
642,1365.8182000000002
643,590.9046000000001
644,463.7601999999999
645,547.3844
646,711.1632000000001
647,734.4813
648,974.5304999999997
649,340.5144
650,646.0482000000001
651,799.2778999999999
652,252.87850000000003
653,1266.5187
654,820.3920999999999
655,289.9278
656,444.55699999999996
657,334.0145000000001
658,552.7970999999999
659,349.93559999999997
660,551.9123000000001
661,299.4535
662,529.5384
663,383.3822666666667
664,363.22666666666663
665,733.4596999999999
666,382.42699999999996
667,446.62159999999994
668,664.5243
669,483.135
670,637.1178
671,476.27
672,301.04400000000004
673,373.10339999999997
674,489.5372
675,996.8679000000001
676,1391.856
677,283.3616666666667
678,397.591
679,815.0654000000001
680,738.2576999999999
681,597.1422777777777
682,335.72839999999997
683,788.4743
684,284.1511
685,449.3670333333333
686,475.44519999999994
687,757.5794000000001
688,560.405
689,401.75673333333333
690,200.585
691,545.817
692,815.8865999999999
693,855.9544999999999
694,376.69536666666653
695,475.7037
696,774.0072
697,453.0485
698,822.1677999999999
699,517.3781
700,251.02290000000002
701,949.6573000000001
702,514.2803
703,2341.6707
704,331.8434666666667
705,677.4035
706,703.6354000000001
707,1011.9038
708,972.0073000000001
709,698.4517999999999
710,520.751
711,1115.1912000000002
712,447.64239999999995
713,1062.9682999999998
714,616.0594
715,646.2588
716,613.5305
717,2231.7314000000024
718,1575.0249000000008
719,517.7733
720,1421.2710000000004
721,1549.0373000000002
722,448.7991
723,1053.372
724,646.5120000000003
725,328.340280952381
726,1121.1427999999999
727,572.0925142857144
728,476.9639000000001
729,703.8896
730,534.2858
731,234.2378
732,464.0245047619048
733,2748.741033333333
734,1357.6052000000002
735,881.6659
736,616.79
737,925.9345000000004
738,394.9612
739,327.4021
740,412.17080000000004
741,433.7804
742,181.217
743,430.48280000000005
744,324.2581
745,367.3
746,787.6924
747,310.14480000000003
748,653.0452
749,939.5966999999999
750,629.1633
751,594.3387999999999
752,885.0821999999998
753,557.6791
754,184.6563
755,690.0947
756,527.1211999999999
757,1148.8429
758,225.422
759,701.62
760,248.035
761,844.3000999999999
762,742.1617000000001
763,999.6154000000002
764,582.5655
765,443.05339999999995
766,272.47016666666667
767,620.145
768,1092.5185666666669
769,221.6266
770,658.1050666666669
771,2135.2669
772,692.18
773,1350.3476999999998
774,1682.6285999999998
775,583.8075000000001
776,289.98
777,461.4606
778,352.70506666666654
779,792.7180999999999
780,453.53650000000016
781,803.5720999999999
782,371.2041333333333
783,246.5717
784,879.5341000000001
785,547.08
786,532.2747
787,814.9155000000001
788,413.19980000000004
789,368.7258
790,228.50869999999998
791,617.7166
792,1029.0786999999998
793,292.4007
794,203.92
795,633.9658999999999
796,569.7529
797,310.4884
798,1121.2424
799,655.1168
800,359.97860000000003
801,544.8341666666668
802,715.9055999999999
803,287.5681000000001
804,289.125
805,236.96509999999998
806,807.5880999999999
807,271.7813
808,343.0512666666666
809,724.2335
810,571.1419999999999
811,392.0993
812,263.51669999999996
813,442.6167
814,737.7592
815,563.6694
816,521.9661
817,1071.5861
818,765.3508999999999
819,237.8225
820,472.9056
821,832.8899
822,721.9423999999999
823,292.1908
824,1028.0419000000004
825,534.2982
826,609.243
827,352.12660000000005
828,1316.2496999999996
829,1212.9055
830,275.89480000000015
831,364.2743666666667
832,450.1616333333332
833,545.6558
834,618.5455000000001
835,415.5281333333333
836,786.3262
837,786.6757000000002
838,592.5982
839,720.9256
840,567.312
841,580.7068
842,499.0025
843,838.7405000000002
844,321.38800000000003
845,928.1641999999999
846,640.16
847,433.3617
848,428.34680000000003
849,890.9836000000001
850,773.4953
851,668.3941666666666
852,379.983
853,334.6555
854,868.1243
855,367.5078
856,342.1969
857,715.9328666666667
858,418.4935
859,419.8580666666666
860,1071.5385
861,423.3164
862,688.8539000000002
863,1059.2275
864,866.6859000000001
865,399.9606
866,412.3286
867,760.8063000000001
868,435.13020000000006
869,398.2694000000001
870,430.7858999999999
871,637.1487000000001
872,246.16340000000002
873,1378.6435000000001
874,639.1441000000001
875,568.6148000000001
876,360.8193
877,1352.0320000000002
878,616.8075
879,759.9095000000001
880,553.2167000000001
881,286.9186
882,318.226
883,540.0759999999999
884,669.6549
885,1294.3311999999999
886,259.2665
887,977.9108
888,332.1232
889,830.5133999999999
890,801.3238
891,367.9145
892,635.8431000000002
893,487.48900000000003
894,1783.0473000000002
895,562.7292357142858
896,904.6030999999999
897,1138.7811
898,1017.0251999999999
899,287.8309
900,261.8034
901,297.9588
902,433.6207
903,354.4954
904,891.7950166666666
905,651.1066
906,741.0056000000001
907,339.0818
908,838.9016
909,404.18919999999997
910,2229.7058999999995
911,380.8198999999999
912,808.4772000000002
913,1335.5271
914,849.5046000000001
915,401.96039999999994
916,478.7838999999999
917,484.6582
918,1079.6881
919,620.6004
920,503.11000000000007
921,566.63
922,573.6732999999999
923,399.3187999999999
924,133.9973
925,447.57
926,352.2571
927,328.4711000000001
928,863.1990666666668
929,450.495
930,1191.2042999999999
931,1280.1
932,606.5422
933,166.5145
934,162.33
935,559.9937
936,765.1928666666666
937,306.41200000000003
938,1002.3947000000001
939,277.94233333333335
940,378.0693
941,246.52660000000003
942,600.8655
943,682.75
944,868.6009666666667
945,1363.4832000000001
946,517.7366000000001
947,511.88600000000014
948,609.8688999999999
949,571.2778
950,371.72640000000007
951,737.5947
952,191.18200000000002
953,610.5174999999999
954,860.529
955,1243.9838000000002
956,790.1965999999998
957,753.8236
958,319.2350666666666
959,1027.0991999999999
960,1096.0717
961,337.30800000000005
962,1295.3564999999999
963,367.37809999999996
964,779.0936999999999
965,240.2333
966,341.81333333333333
967,374.41
968,362.0394
969,783.9048000000001
970,1241.601
971,1125.7783000000004
972,462.52020000000005
973,444.2579
974,280.92060000000004
975,470.31340000000006
976,482.9842
977,884.5828999999999
978,1998.1443999999997
979,1123.4107
980,391.01
981,677.3764
982,444.7238999999999
983,491.1426
984,260.32416666666666
985,1270.32
986,672.8459999999998
987,536.0762
988,1106.1779
989,772.4133666666669
990,351.20380000000006
991,787.1916
992,1033.8612
993,859.9206000000003
994,279.1944
995,1049.1089
996,251.02290000000002
997,353.21810000000005
998,378.35
999,537.0197000000001
1000,239.28783333333337
1001,161.554
1002,890.2063000000002
1003,316.05
1004,444.3080000000001
1005,591.1292000000001
1006,862.2136
1007,797.9582
1008,1374.2059
1009,758.3418
1010,489.9046
1011,856.3456333333334
1012,683.7469999999998
1013,381.5914
1014,310.80196666666666
1015,624.2473000000001
1016,355.5025
1017,417.56
1018,335.3158
1019,524.4601000000001
1020,267.94496666666674
1021,464.37880952380954
1022,824.909
1023,294.5529
1024,377.6650666666667
1025,2055.4974999999995
1026,674.6976999999999
1027,378.0997
1028,558.4622999999999
1029,482.1868
1030,399.57910000000004
1031,1201.2179999999998
1032,438.27209999999997
1033,309.16790000000003
1034,809.0809666666667
1035,802.8273999999999
1036,325.13779999999986
1037,1070.5196769841268
1038,359.3393
1039,1046.175
1040,267.42216666666667
1041,641.7120000000006
1042,441.57120000000003
1043,775.2736000000003
1044,394.8379000000001
1045,318.33235999999994
1046,632.357
1047,327.5692
1048,740.1618000000001
1049,312.33639999999997
1050,694.69
1051,555.7244999999999
1052,689.6133
1053,775.1867
1054,887.915
1055,628.1214
1056,1250.4099
1057,699.3804999999999
1058,962.5723999999999
1059,362.44106666666664
1060,389.8686
1061,406.31329999999997
1062,690.1522
1063,370.2932666666667
1064,711.9567999999999
1065,728.5358
1066,767.0512000000001
1067,527.0855
1068,245.332
1069,569.1911
1070,436.8158000000001
1071,354.4296999999999
1072,403.54720000000003
1073,342.33
1074,314.06260000000003
1075,610.6555
1076,850.6192
1077,644.3140999999999
1078,454.1521000000001
1079,318.9435
1080,1128.7195999999997
1081,417.2230333333333
1082,391.8536333333333
1083,785.1861000000004
1084,620.436
1085,322.25329999999997
1086,348.80956666666674
1087,598.823
1088,382.3025
1089,519.5051250000001
1090,481.9218
1091,477.972
1092,809.3045
1093,662.2444
1094,908.6768
1095,315.1883333333333
1096,660.0698000000001
1097,622.59
1098,674.5608000000002
1099,573.4127000000001
1100,614.6316999999999
1101,912.5618
1102,621.1875
1103,401.75673333333333
1104,499.6494
1105,322.3453333333333
1106,731.4969
1107,831.6510999999998
1108,284.33
1109,352.9697333333333
1110,1385.3073777777777
1111,519.3897
1112,663.71
1113,605.0738
1114,466.14499999999987
1115,343.86119999999994
1116,312.3573
1117,255.15670000000006
1118,525.7449000000001
1119,640.081
1120,356.7167
1121,574.6869
1122,1383.7535999999998
1123,469.1049
1124,1553.5776999999998
1125,303.3152
1126,740.6444
1127,352.7739666666667
1128,344.99800000000005
1129,901.1938
1130,473.97773333333345
1131,499.5496
1132,401.5160000000001
1133,419.4379
1134,587.0386000000001
1135,283.99150000000003
1136,707.3854000000001
1137,1070.5196769841268
1138,1648.5766999999998
1139,554.4251
1140,290.42
1141,690.9236999999999
1142,493.5936000000001
1143,582.1843
1144,687.6503333333334
1145,522.6267999999999
1146,645.3428
1147,293.91
1148,264.779
1149,1769.8877999999997
1150,265.56800000000004
1151,541.3536666666666
1152,1442.2358999999997
1153,512.1169
1154,347.7136
1155,497.65880000000004
1156,473.2393666666667
1157,1452.1282
1158,464.4194
1159,1210.9414000000006
1160,368.9927333333333
1161,589.2318999999999
1162,430.1164
1163,383.9065
1164,578.125
1165,701.4889999999999
1166,253.465
1167,1109.9706333333334
1168,380.55679999999984
1169,714.8355999999999
1170,316.825
1171,278.26866666666666
1172,1020.7639999999999
1173,441.54
1174,436.4792
1175,594.8059999999999
1176,789.1535
1177,680.7637
1178,387.4526
1179,574.5729999999999
1180,366.0793
1181,894.6202000000002
1182,793.2657999999999
1183,482.89149999999995
1184,663.4773000000001
1185,415.099785
1186,748.4075
1187,444.90549999999996
1188,474.11450000000013
1189,397.13009999999997
1190,1018.4996000000001
1191,1127.1746
1192,283.147
1193,361.36823333333325
1194,576.6839
1195,1156.9261000000001
1196,714.318
1197,918.325
1198,935.4458999999999
1199,374.116
1200,627.3565
1201,287.25
1202,261.5039
1203,316.5180666666667
1204,512.8572
1205,261.4042
1206,550.2190999999999
1207,351.88059999999996
1208,990.6330000000002
1209,744.7610999999998
1210,759.6374999999997
1211,1163.5076000000001
1212,433.0355
1213,345.12104999999997
1214,347.9593
1215,467.8045
1216,624.0704000000001
1217,827.3205
1218,621.3695999999999
1219,392.44169999999997
1220,303.4338
1221,1063.6219
1222,324.08029999999997
1223,503.0612999999999
1224,579.0097000000001
1225,447.58498333333335
1226,251.215
1227,303.21
1228,582.6958
1229,311.27536666666674
1230,501.67850000000004
1231,587.6275000000002
1232,986.5013
1233,560.8221999999998
1234,618.4233333333333
1235,849.3438999999998
1236,685.7066
1237,439.1340999999999
1238,458.5381
1239,1217.3538
1240,323.6886
1241,474.69
1242,465.99109999999985
1243,1721.49778
1244,570.5958
1245,326.2708
1246,520.176
1247,312.93236666666667
1248,501.27899999999994
1249,397.49402000000003
1250,1222.599
1251,433.2116000000002
1252,479.1130000000001
1253,278.26866666666666
1254,666.9103
1255,952.6906999999999
1256,316.0935
1257,1196.2983333333332
1258,321.87093333333337
1259,209.77
1260,480.82129999999995
1261,306.7763666666667
1262,1151.6276
1263,607.22
1264,369.51
1265,675.9582
1266,628.7386
1267,423.12
1268,574.7153999999998
1269,371.89099999999996
1270,614.6648000000002
1271,355.7128
1272,326.55440000000004
1273,303.1021
1274,504.7671000000001
1275,361.62090000000006
1276,280.5733333333333
1277,568.337142857143
1278,365.3464
1279,666.8008333333331
1280,742.1928
1281,680.5162666666668
1282,1009.3847000000001
1283,797.0191999999998
1284,455.28189999999995
1285,727.2139999999999
1286,362.3122
1287,438.7884
1288,403.15090000000004
1289,681.5791
1290,579.3095
1291,502.29479999999995
1292,188.29
1293,429.9538
1294,541.5644000000001
1295,1991.8682999999999
1296,490.7668666666666
1297,747.1137
1298,563.0478999999999
1299,2351.5022999999997
1300,619.4765
1301,747.9042999999999
1302,421.6347666666666
1303,187.9
1304,367.6458
1305,334.85840000000013
1306,507.9518
1307,388.70529999999997
1308,769.4533
1309,728.6464
1310,384.97846666666663
1311,599.0464
1312,357.8625
1313,1023.0738
1314,632.806
1315,297.36
1316,373.5010666666666
1317,578.9029
1318,424.28756666666663
1319,568.0914
1320,411.38239999999996
1321,215.98833333333332
1322,468.4840000000001
1323,825.21
1324,592.7325333333333
1325,354.2538285714285
1326,667.3769
1327,636.3726
1328,1255.7144999999998
1329,336.8405
1330,686.0936000000002
1331,2431.7122999999997
1332,676.1161000000002
1333,410.0525000000001
1334,373.13408333333325
1335,331.7790095238095
1336,406.98839999999996
1337,404.70880000000005
1338,295.11
1339,484.3010999999999
1340,286.22
1341,899.3788000000001
1342,891.4561333333332
1343,387.18340000000006
1344,1000.445557777778
1345,319.10900000000004
1346,289.02
1347,309.08449999999993
1348,375.5934
1349,721.8804000000003
1350,370.5901333333332
1351,2939.4199
1352,751.0168333333334
1353,629.8124
1354,432.6351000000001
1355,309.8666666666666
1356,844.7147999999999
1357,933.7438000000001
1358,914.3542
1359,1542.8162999999997
1360,537.3222999999999
1361,475.71469999999994
1362,849.4894333333333
1363,473.10339999999997
1364,671.5681999999999
1365,436.79787142857145
1366,1604.6926
1367,418.07079999999996
1368,498.8498
1369,446.43559999999997
1370,767.6739
1371,796.4664
1372,906.9712
1373,1121.8614000000002
1374,846.0061666666667
1375,787.5772999999999
1376,738.8925
1377,240.2333
1378,499.5722
1379,378.0997
1380,410.9623333333333
1381,623.4505
1382,458.3493
1383,1636.6395999999995
1384,458.43019999999996
1385,1059.6754777777778
1386,1241.7684000000002
1387,684.5462000000001
1388,460.3535999999999
1389,368.62
1390,645.3658
1391,426.54999999999995
1392,1416.6563
1393,783.6108000000002
1394,325.51460000000003
1395,298.7528
1396,481.70230000000004
1397,624.0994999999999
1398,407.59
1399,877.9076999999999
1400,589.73
1401,788.6504000000001
1402,547.3873333333333
1403,433.8324
1404,687.5965000000001
1405,208.17666666666668
1406,847.5459
1407,352.12660000000005
1408,503.0941523809524
1409,383.75800000000004
1410,616.0088
1411,589.4623000000001
1412,886.2791000000001
1413,697.3920000000002
1414,174.0791
1415,573.6437000000002
1416,938.541
1417,361.9658
1418,431.9607
1419,618.3611000000001
1420,906.9434
1421,414.3239333333332
1422,1802.3777999999998
1423,671.1141
1424,442.1989000000001
1425,378.26263333333327
1426,981.5240000000001
1427,580.5287000000001
1428,801.0750999999999
1429,810.9714
1430,518.0002
1431,271.7813
1432,350.99666666666667
1433,666.2003
1434,1530.1363000000001
1435,537.74
1436,1722.8968999999997
1437,340.1323809523811
1438,397.2123333333334
1439,534.441
1440,391.26099999999997
1441,994.4710999999999
1442,665.7295000000001
1443,1186.2874000000004
1444,649.4075
1445,387.80729999999994
1446,990.1704
1447,847.4760000000001
1448,252.71
1449,774.7220000000007
1450,300.16
1451,493.4096
1452,662.1460000000001
1453,568.337142857143
1454,499.335
1455,536.5659999999999
1456,1062.185
1457,441.983
1458,2015.99
1459,1379.0611999999999
1460,456.14130000000006
1461,702.7063000000002
1462,589.6189999999999
1463,791.091
1464,731.6447000000001
1465,425.36500000000007
1466,529.6575666666666
1467,152.1952
1468,434.40399999999994
1469,638.8
1470,361.2816
1471,1084.9827
1472,697.7693
1473,426.23009999999994
1474,355.80050000000006
1475,423.3686833333333
1476,832.55
1477,202.78
1478,552.1320999999999
1479,278.1185
1480,785.0968
1481,248.99966666666668
1482,537.8911
1483,453.6513
1484,725.3408999999999
1485,427.9339
1486,638.7317666666668
1487,359.74479999999994
1488,614.05
1489,735.2896
1490,284.3193
1491,212.9436
1492,300.97659999999996
1493,589.3427404761908
1494,576.16145
1495,385.97210000000007
1496,499.8079
1497,1199.065
1498,2273.2938999999997
1499,592.0581999999999
1500,592.7216000000001
1501,360.98100000000005
1502,303.6924000000001
1503,903.4355
1504,581.0211999999999
1505,368.82
1506,1003.6869000000002
1507,697.9253
1508,901.5628
1509,361.3285000000001
1510,859.3025
1511,763.1257999999999
1512,585.2437666666666
1513,319.11999999999995
1514,646.9825999999999
1515,1046.6164
1516,302.846
1517,1310.8598000000002
1518,747.9332
1519,323.9864
1520,327.0769
1521,486.89649999999995
1522,895.7056
1523,484.74324166666673
1524,1620.6915333333332
1525,2366.1459
1526,438.2562000000001
1527,696.87
1528,959.7297
1529,459.81056666666666
1530,716.489
1531,677.8919000000001
1532,1095.1744999999999
1533,677.8136
1534,508.96920000000006
1535,565.2815
1536,428.8261
1537,332.1923000000003
1538,590.6741000000001
1539,828.3412000000001
1540,1063.6961
1541,1242.8756
1542,536.2934
1543,487.58329999999995
1544,2040.2034000000006
1545,1098.1117
1546,232.1079
1547,527.1617000000001
1548,476.7705000000001
1549,658.1101
1550,1791.9545
1551,800.4133999999999
1552,607.3957999999999
1553,486.5383
1554,582.8044
1555,1346.7368
1556,361.5255
1557,515.6533000000001
1558,331.4261
1559,490.10570000000007
